<?xml version="1.0" encoding="utf-8" ?><dwsync><file name="story2Pic12.jpg.mno" server="ns1.anglican.ca//var/www/html/gateway.anglican.ca/" local="-4604281082492223488" remote="-4604281082492223488" /><file name="countryText.txt.mno" server="ns1.anglican.ca//var/www/html/gateway.anglican.ca/" local="-4596424148493795328" remote="-4596424148493795328" /><file name="story4Pic7.jpg.mno" server="ns1.anglican.ca//var/www/html/gateway.anglican.ca/" local="-4604279987275563008" remote="-4604279987275563008" /><file name="story2Pic1.jpg.mno" server="ns1.anglican.ca//var/www/html/gateway.anglican.ca/" local="-4604281138326798336" remote="-4604281138326798336" /><file name="story1Pic3.jpg.mno" server="ns1.anglican.ca//var/www/html/gateway.anglican.ca/" local="-4604281426089607168" remote="-4604281426089607168" /><file name="story2Pic13.jpg.mno" server="ns1.anglican.ca//var/www/html/gateway.anglican.ca/" local="-4604281078197256192" remote="-4604281078197256192" /><file name="story4Pic9.jpg.mno" server="ns1.anglican.ca//var/www/html/gateway.anglican.ca/" local="-4604279944325890048" remote="-4604279944325890048" /><file name="story1Pic10.jpg.mno" server="ns1.anglican.ca//var/www/html/gateway.anglican.ca/" local="-4604281469039280128" remote="-4604281469039280128" /><file name="story2Pic7.jpg.mno" server="ns1.anglican.ca//var/www/html/gateway.anglican.ca/" local="-4604280957938171904" remote="-4604280957938171904" /><file name="story1Pic8.jpg.mno" server="ns1.anglican.ca//var/www/html/gateway.anglican.ca/" local="-4604281383139934208" remote="-4604281383139934208" /><file name="story1Pic5.jpg.mno" server="ns1.anglican.ca//var/www/html/gateway.anglican.ca/" local="-4604281404614770688" remote="-4604281404614770688" /><file name="story1Pic11.jpg.mno" server="ns1.anglican.ca//var/www/html/gateway.anglican.ca/" local="-4604281447564443648" remote="-4604281447564443648" /><file name="story4BtnPic.jpg.mno" server="ns1.anglican.ca//var/www/html/gateway.anglican.ca/" local="-4604280116124581888" remote="-4604280116124581888" /><file name="story4Pic10.jpg.mno" server="ns1.anglican.ca//var/www/html/gateway.anglican.ca/" local="-4604280086059810816" remote="-4604280086059810816" /><file name="homeClipHigh.flv.mno" server="ns1.anglican.ca//var/www/html/gateway.anglican.ca/" local="-4604281670902743040" remote="-4604281670902743040" /><file name="story2Pic2.jpg.mno" server="ns1.anglican.ca//var/www/html/gateway.anglican.ca/" local="-4604281013772746752" remote="-4604281013772746752" /><file name="story1Pic6.jpg.mno" server="ns1.anglican.ca//var/www/html/gateway.anglican.ca/" local="-4604281400319803392" remote="-4604281400319803392" /><file name="story3vBtnPic.jpg.mno" server="ns1.anglican.ca//var/www/html/gateway.anglican.ca/" local="-4604280476901834752" remote="-4604280476901834752" /><file name="story4Pic3.jpg.mno" server="ns1.anglican.ca//var/www/html/gateway.anglican.ca/" local="-4604280060290007040" remote="-4604280060290007040" /><file name="story1Pic4.jpg.mno" server="ns1.anglican.ca//var/www/html/gateway.anglican.ca/" local="-4604281408909737984" remote="-4604281408909737984" /><file name="story2Pic5.jpg.mno" server="ns1.anglican.ca//var/www/html/gateway.anglican.ca/" local="-4604280988002942976" remote="-4604280988002942976" /><file name="story2Pic16.jpg.mno" server="ns1.anglican.ca//var/www/html/gateway.anglican.ca/" local="-4604281056722419712" remote="-4604281056722419712" /><file name="story2Pic17.jpg.mno" server="ns1.anglican.ca//var/www/html/gateway.anglican.ca/" local="-4604281039542550528" remote="-4604281039542550528" /><file name="homeClipLow.flv.mno" server="ns1.anglican.ca//var/www/html/gateway.anglican.ca/" local="-4604281636543004672" remote="-4604281636543004672" /><file name="story5vLow.flv.mno" server="ns1.anglican.ca//var/www/html/gateway.anglican.ca/" local="-4604279660858048512" remote="-4604279660858048512" /><file name="story2Pic8.jpg.mno" server="ns1.anglican.ca//var/www/html/gateway.anglican.ca/" local="-4604280936463335424" remote="-4604280936463335424" /><file name="story4Pic11.jpg.mno" server="ns1.anglican.ca//var/www/html/gateway.anglican.ca/" local="-4604280064584974336" remote="-4604280064584974336" /><file name="story2Pic15.jpg.mno" server="ns1.anglican.ca//var/www/html/gateway.anglican.ca/" local="-4604281061017387008" remote="-4604281061017387008" /><file name="story2Pic10.jpg.mno" server="ns1.anglican.ca//var/www/html/gateway.anglican.ca/" local="-4604281129736863744" remote="-4604281129736863744" /><file name="story3vHigh.flv.mno" server="ns1.anglican.ca//var/www/html/gateway.anglican.ca/" local="-4604280348052815872" remote="-4604280348052815872" /><file name="story1Pic1.jpg.mno" server="ns1.anglican.ca//var/www/html/gateway.anglican.ca/" local="-4604281473334247424" remote="-4604281473334247424" /><file name="story3.mp3.mno" server="ns1.anglican.ca//var/www/html/gateway.anglican.ca/" local="-4604280481196802048" remote="-4604280481196802048" /><file name="story4Pic6.jpg.mno" server="ns1.anglican.ca//var/www/html/gateway.anglican.ca/" local="-4604280017340334080" remote="-4604280017340334080" /><file name="story5vHigh.flv.mno" server="ns1.anglican.ca//var/www/html/gateway.anglican.ca/" local="-4604279742462427136" remote="-4604279742462427136" /><file name="story4Pic2.jpg.mno" server="ns1.anglican.ca//var/www/html/gateway.anglican.ca/" local="-4604280064584974336" remote="-4604280064584974336" /><file name="story4Pic5.jpg.mno" server="ns1.anglican.ca//var/www/html/gateway.anglican.ca/" local="-4604280047405105152" remote="-4604280047405105152" /><file name="story2Pic6.jpg.mno" server="ns1.anglican.ca//var/www/html/gateway.anglican.ca/" local="-4604280975118041088" remote="-4604280975118041088" /><file name="story3vLow.flv.mno" server="ns1.anglican.ca//var/www/html/gateway.anglican.ca/" local="-4604280309398110208" remote="-4604280309398110208" /><file name="story1.mp3.mno" server="ns1.anglican.ca//var/www/html/gateway.anglican.ca/" local="-4604281481924182016" remote="-4604281481924182016" /><file name="story2.mp3.mno" server="ns1.anglican.ca//var/www/html/gateway.anglican.ca/" local="-4604281155506667520" remote="-4604281155506667520" /><file name="story1Pic9.jpg.mno" server="ns1.anglican.ca//var/www/html/gateway.anglican.ca/" local="-4604281370255032320" remote="-4604281370255032320" /><file name="story4Pic8.jpg.mno" server="ns1.anglican.ca//var/www/html/gateway.anglican.ca/" local="-4604279957210791936" remote="-4604279957210791936" /><file name="story2Pic3.jpg.mno" server="ns1.anglican.ca//var/www/html/gateway.anglican.ca/" local="-4604281000887844864" remote="-4604281000887844864" /><file name="story5vBtnPic.jpg.mno" server="ns1.anglican.ca//var/www/html/gateway.anglican.ca/" local="-4604279940030922752" remote="-4604279940030922752" /><file name="story2Pic9.jpg.mno" server="ns1.anglican.ca//var/www/html/gateway.anglican.ca/" local="-4604280932168368128" remote="-4604280932168368128" /><file name="story1BtnPic.jpg.mno" server="ns1.anglican.ca//var/www/html/gateway.anglican.ca/" local="-4604281477629214720" remote="-4604281477629214720" /><file name="story1Pic2.jpg.mno" server="ns1.anglican.ca//var/www/html/gateway.anglican.ca/" local="-4604281438974509056" remote="-4604281438974509056" /><file name="story2Pic19.jpg.mno" server="ns1.anglican.ca//var/www/html/gateway.anglican.ca/" local="-4604281022362681344" remote="-4604281022362681344" /><file name="story2Pic11.jpg.mno" server="ns1.anglican.ca//var/www/html/gateway.anglican.ca/" local="-4604281112556994560" remote="-4604281112556994560" /><file name="story2Pic18.jpg.mno" server="ns1.anglican.ca//var/www/html/gateway.anglican.ca/" local="-4604281026657648640" remote="-4604281026657648640" /><file name="story1Pic7.jpg.mno" server="ns1.anglican.ca//var/www/html/gateway.anglican.ca/" local="-4604281396024836096" remote="-4604281396024836096" /><file name="story4.mp3.mno" server="ns1.anglican.ca//var/www/html/gateway.anglican.ca/" local="-4604280124714516480" remote="-4604280124714516480" /><file name="story2Pic14.jpg.mno" server="ns1.anglican.ca//var/www/html/gateway.anglican.ca/" local="-4604281069607321600" remote="-4604281069607321600" /><file name="story2BtnPic.jpg.mno" server="ns1.anglican.ca//var/www/html/gateway.anglican.ca/" local="-4604281142621765632" remote="-4604281142621765632" /><file name="story4Pic1.jpg.mno" server="ns1.anglican.ca//var/www/html/gateway.anglican.ca/" local="-4604280107534647296" remote="-4604280107534647296" /><file name="story4Pic4.jpg.mno" server="ns1.anglican.ca//var/www/html/gateway.anglican.ca/" local="-4604280055995039744" remote="-4604280055995039744" /><file name="story2Pic4.jpg.mno" server="ns1.anglican.ca//var/www/html/gateway.anglican.ca/" local="-4604280992297910272" remote="-4604280992297910272" /><file name="story2Pic12.jpg.mno" server="ns1.anglican.ca//var/www/html/gateway/" local="3222949568" remote="383882462152511168" /><file name="countryText.txt.mno" server="ns1.anglican.ca//var/www/html/gateway/" local="3224778903" remote="383882462154340503" /><file name="story4Pic7.jpg.mno" server="ns1.anglican.ca//var/www/html/gateway/" local="3222949823" remote="383882462152511423" /><file name="story2Pic1.jpg.mno" server="ns1.anglican.ca//var/www/html/gateway/" local="3222949555" remote="383882462152511155" /><file name="story1Pic3.jpg.mno" server="ns1.anglican.ca//var/www/html/gateway/" local="3222949488" remote="383882462152511088" /><file name="story2Pic13.jpg.mno" server="ns1.anglican.ca//var/www/html/gateway/" local="3222949569" remote="383882462152511169" /><file name="story4Pic9.jpg.mno" server="ns1.anglican.ca//var/www/html/gateway/" local="3222949833" remote="383882462152511433" /><file name="story1Pic10.jpg.mno" server="ns1.anglican.ca//var/www/html/gateway/" local="3222949478" remote="383882462152511078" /><file name="story2Pic7.jpg.mno" server="ns1.anglican.ca//var/www/html/gateway/" local="3222949597" remote="383882462152511197" /><file name="story1Pic8.jpg.mno" server="ns1.anglican.ca//var/www/html/gateway/" local="3222949498" remote="383882462152511098" /><file name="story1Pic5.jpg.mno" server="ns1.anglican.ca//var/www/html/gateway/" local="3222949493" remote="383882462152511093" /><file name="story1Pic11.jpg.mno" server="ns1.anglican.ca//var/www/html/gateway/" local="3222949483" remote="383882462152511083" /><file name="story4BtnPic.jpg.mno" server="ns1.anglican.ca//var/www/html/gateway/" local="3222949793" remote="383882462152511393" /><file name="story4Pic10.jpg.mno" server="ns1.anglican.ca//var/www/html/gateway/" local="3222949800" remote="383882462152511400" /><file name="homeClipHigh.flv.mno" server="ns1.anglican.ca//var/www/html/gateway/" local="3222949431" remote="383882462152511031" /><file name="story2Pic2.jpg.mno" server="ns1.anglican.ca//var/www/html/gateway/" local="3222949584" remote="383882462152511184" /><file name="story1Pic6.jpg.mno" server="ns1.anglican.ca//var/www/html/gateway/" local="3222949494" remote="383882462152511094" /><file name="story3vBtnPic.jpg.mno" server="ns1.anglican.ca//var/www/html/gateway/" local="3222949709" remote="383882462152511309" /><file name="story4Pic3.jpg.mno" server="ns1.anglican.ca//var/www/html/gateway/" local="3222949806" remote="383882462152511406" /><file name="story1Pic4.jpg.mno" server="ns1.anglican.ca//var/www/html/gateway/" local="3222949492" remote="383882462152511092" /><file name="story2Pic5.jpg.mno" server="ns1.anglican.ca//var/www/html/gateway/" local="3222949590" remote="383882462152511190" /><file name="story2Pic16.jpg.mno" server="ns1.anglican.ca//var/www/html/gateway/" local="3222949574" remote="383882462152511174" /><file name="story2Pic17.jpg.mno" server="ns1.anglican.ca//var/www/html/gateway/" local="3222949578" remote="383882462152511178" /><file name="homeClipLow.flv.mno" server="ns1.anglican.ca//var/www/html/gateway/" local="3222949439" remote="383882462152511039" /><file name="story5vLow.flv.mno" server="ns1.anglican.ca//var/www/html/gateway/" local="3222949899" remote="383882462152511499" /><file name="story2Pic8.jpg.mno" server="ns1.anglican.ca//var/www/html/gateway/" local="3222949602" remote="383882462152511202" /><file name="story4Pic11.jpg.mno" server="ns1.anglican.ca//var/www/html/gateway/" local="3222949805" remote="383882462152511405" /><file name="story2Pic15.jpg.mno" server="ns1.anglican.ca//var/www/html/gateway/" local="3222949573" remote="383882462152511173" /><file name="story2Pic10.jpg.mno" server="ns1.anglican.ca//var/www/html/gateway/" local="3222949557" remote="383882462152511157" /><file name="story3vHigh.flv.mno" server="ns1.anglican.ca//var/www/html/gateway/" local="3222949739" remote="383882462152511339" /><file name="story1Pic1.jpg.mno" server="ns1.anglican.ca//var/www/html/gateway/" local="3222949477" remote="383882462152511077" /><file name="story3.mp3.mno" server="ns1.anglican.ca//var/www/html/gateway/" local="3222949708" remote="383882462152511308" /><file name="story4Pic6.jpg.mno" server="ns1.anglican.ca//var/www/html/gateway/" local="3222949816" remote="383882462152511416" /><file name="story5vHigh.flv.mno" server="ns1.anglican.ca//var/www/html/gateway/" local="3222949880" remote="383882462152511480" /><file name="story4Pic2.jpg.mno" server="ns1.anglican.ca//var/www/html/gateway/" local="3222949805" remote="383882462152511405" /><file name="story4Pic5.jpg.mno" server="ns1.anglican.ca//var/www/html/gateway/" local="3222949809" remote="383882462152511409" /><file name="story2Pic6.jpg.mno" server="ns1.anglican.ca//var/www/html/gateway/" local="3222949593" remote="383882462152511193" /><file name="story3vLow.flv.mno" server="ns1.anglican.ca//var/www/html/gateway/" local="3222949748" remote="383882462152511348" /><file name="story1.mp3.mno" server="ns1.anglican.ca//var/www/html/gateway/" local="3222949475" remote="383882462152511075" /><file name="story2.mp3.mno" server="ns1.anglican.ca//var/www/html/gateway/" local="3222949551" remote="383882462152511151" /><file name="story1Pic9.jpg.mno" server="ns1.anglican.ca//var/www/html/gateway/" local="3222949501" remote="383882462152511101" /><file name="story4Pic8.jpg.mno" server="ns1.anglican.ca//var/www/html/gateway/" local="3222949830" remote="383882462152511430" /><file name="story2Pic3.jpg.mno" server="ns1.anglican.ca//var/www/html/gateway/" local="3222949587" remote="383882462152511187" /><file name="story5vBtnPic.jpg.mno" server="ns1.anglican.ca//var/www/html/gateway/" local="3222949834" remote="383882462152511434" /><file name="story2Pic9.jpg.mno" server="ns1.anglican.ca//var/www/html/gateway/" local="3222949603" remote="383882462152511203" /><file name="story1BtnPic.jpg.mno" server="ns1.anglican.ca//var/www/html/gateway/" local="3222949476" remote="383882462152511076" /><file name="story1Pic2.jpg.mno" server="ns1.anglican.ca//var/www/html/gateway/" local="3222949485" remote="383882462152511085" /><file name="story2Pic19.jpg.mno" server="ns1.anglican.ca//var/www/html/gateway/" local="3222949582" remote="383882462152511182" /><file name="story2Pic11.jpg.mno" server="ns1.anglican.ca//var/www/html/gateway/" local="3222949561" remote="383882462152511161" /><file name="story2Pic18.jpg.mno" server="ns1.anglican.ca//var/www/html/gateway/" local="3222949581" remote="383882462152511181" /><file name="story1Pic7.jpg.mno" server="ns1.anglican.ca//var/www/html/gateway/" local="3222949495" remote="383882462152511095" /><file name="story4.mp3.mno" server="ns1.anglican.ca//var/www/html/gateway/" local="3222949791" remote="383882462152511391" /><file name="story2Pic14.jpg.mno" server="ns1.anglican.ca//var/www/html/gateway/" local="3222949571" remote="383882462152511171" /><file name="story2BtnPic.jpg.mno" server="ns1.anglican.ca//var/www/html/gateway/" local="3222949554" remote="383882462152511154" /><file name="story4Pic1.jpg.mno" server="ns1.anglican.ca//var/www/html/gateway/" local="3222949795" remote="383882462152511395" /><file name="story4Pic4.jpg.mno" server="ns1.anglican.ca//var/www/html/gateway/" local="3222949807" remote="383882462152511407" /><file name="story2Pic4.jpg.mno" server="ns1.anglican.ca//var/www/html/gateway/" local="3222949589" remote="383882462152511189" /><file name="countryText.txt.mno" server="ftp.accnews.ca" local="3284035920" remote="84892068064" /><file name="homeClipHigh.flv.mno" server="ftp.accnews.ca" local="3284035920" remote="89187035360" /><file name="homeClipLow.flv.mno" server="ftp.accnews.ca" local="3284035920" remote="84892068064" /><file name="story1.mp3.mno" server="ftp.accnews.ca" local="3284035920" remote="63417231584" /><file name="story1BtnPic.jpg.mno" server="ftp.accnews.ca" local="3284035920" remote="89187035360" /><file name="story1Pic1.jpg.mno" server="ftp.accnews.ca" local="3284035920" remote="80597100768" /><file name="story1Pic10.jpg.mno" server="ftp.accnews.ca" local="3284035920" remote="84892068064" /><file name="story1Pic11.jpg.mno" server="ftp.accnews.ca" local="3284035920" remote="84892068064" /><file name="story1Pic2.jpg.mno" server="ftp.accnews.ca" local="3284035920" remote="80597100768" /><file name="story1Pic3.jpg.mno" server="ftp.accnews.ca" local="3284035920" remote="80597100768" /><file name="story1Pic4.jpg.mno" server="ftp.accnews.ca" local="3284035920" remote="80597100768" /><file name="story1Pic5.jpg.mno" server="ftp.accnews.ca" local="3284035920" remote="80597100768" /><file name="story1Pic6.jpg.mno" server="ftp.accnews.ca" local="3284035920" remote="80597100768" /><file name="story1Pic7.jpg.mno" server="ftp.accnews.ca" local="3284035920" remote="80597100768" /><file name="story1Pic8.jpg.mno" server="ftp.accnews.ca" local="3284035920" remote="80597100768" /><file name="story1Pic9.jpg.mno" server="ftp.accnews.ca" local="3284035920" remote="80597100768" /><file name="story2.mp3.mno" server="ftp.accnews.ca" local="3284035920" remote="63417231584" /><file name="story2BtnPic.jpg.mno" server="ftp.accnews.ca" local="3284035920" remote="89187035420" /><file name="story2Pic1.jpg.mno" server="ftp.accnews.ca" local="3284035920" remote="80597100828" /><file name="story2Pic10.jpg.mno" server="ftp.accnews.ca" local="3284035920" remote="84892068124" /><file name="story2Pic11.jpg.mno" server="ftp.accnews.ca" local="3284035920" remote="84892068124" /><file name="story2Pic12.jpg.mno" server="ftp.accnews.ca" local="3284035920" remote="84892068124" /><file name="story2Pic13.jpg.mno" server="ftp.accnews.ca" local="3284035920" remote="84892068124" /><file name="story2Pic14.jpg.mno" server="ftp.accnews.ca" local="3284035920" remote="84892068124" /><file name="story2Pic15.jpg.mno" server="ftp.accnews.ca" local="3284035920" remote="84892068124" /><file name="story2Pic16.jpg.mno" server="ftp.accnews.ca" local="3284035920" remote="84892068124" /><file name="story2Pic17.jpg.mno" server="ftp.accnews.ca" local="3284035920" remote="84892068124" /><file name="story2Pic18.jpg.mno" server="ftp.accnews.ca" local="3284035920" remote="84892068124" /><file name="story2Pic19.jpg.mno" server="ftp.accnews.ca" local="3284035920" remote="84892068124" /><file name="story2Pic2.jpg.mno" server="ftp.accnews.ca" local="3284035920" remote="80597100828" /><file name="story2Pic3.jpg.mno" server="ftp.accnews.ca" local="3284035920" remote="80597100828" /><file name="story2Pic4.jpg.mno" server="ftp.accnews.ca" local="3284035920" remote="80597100828" /><file name="story2Pic5.jpg.mno" server="ftp.accnews.ca" local="3284035920" remote="80597100828" /><file name="story2Pic6.jpg.mno" server="ftp.accnews.ca" local="3284035920" remote="80597100828" /><file name="story2Pic7.jpg.mno" server="ftp.accnews.ca" local="3284035920" remote="80597100828" /><file name="story2Pic8.jpg.mno" server="ftp.accnews.ca" local="3284035920" remote="80597100828" /><file name="story2Pic9.jpg.mno" server="ftp.accnews.ca" local="3284035920" remote="80597100828" /><file name="story3.mp3.mno" server="ftp.accnews.ca" local="3284035920" remote="63417231644" /><file name="story3vBtnPic.jpg.mno" server="ftp.accnews.ca" local="3284035920" remote="93482002716" /><file name="story3vHigh.flv.mno" server="ftp.accnews.ca" local="3284035920" remote="84892068124" /><file name="story3vLow.flv.mno" server="ftp.accnews.ca" local="3284035920" remote="80597100828" /><file name="story4.mp3.mno" server="ftp.accnews.ca" local="3284035920" remote="63417231644" /><file name="story4BtnPic.jpg.mno" server="ftp.accnews.ca" local="3284035920" remote="89187035420" /><file name="story4Pic1.jpg.mno" server="ftp.accnews.ca" local="3284035920" remote="80597100828" /><file name="story4Pic10.jpg.mno" server="ftp.accnews.ca" local="3284035920" remote="84892068124" /><file name="story4Pic11.jpg.mno" server="ftp.accnews.ca" local="3284035920" remote="84892068124" /><file name="story4Pic2.jpg.mno" server="ftp.accnews.ca" local="3284035920" remote="80597100828" /><file name="story4Pic3.jpg.mno" server="ftp.accnews.ca" local="3284035920" remote="80597100828" /><file name="story4Pic4.jpg.mno" server="ftp.accnews.ca" local="3284035920" remote="80597100828" /><file name="story4Pic5.jpg.mno" server="ftp.accnews.ca" local="3284035920" remote="80597100828" /><file name="story4Pic6.jpg.mno" server="ftp.accnews.ca" local="3284035920" remote="80597100828" /><file name="story4Pic7.jpg.mno" server="ftp.accnews.ca" local="3284035920" remote="80597100828" /><file name="story4Pic8.jpg.mno" server="ftp.accnews.ca" local="3284035920" remote="80597100828" /><file name="story4Pic9.jpg.mno" server="ftp.accnews.ca" local="3284035920" remote="80597100828" /><file name="story5vBtnPic.jpg.mno" server="ftp.accnews.ca" local="3284035920" remote="93482002716" /><file name="story5vHigh.flv.mno" server="ftp.accnews.ca" local="3284035920" remote="84892068124" /><file name="story5vLow.flv.mno" server="ftp.accnews.ca" local="3284035920" remote="80597100828" /><file name="story2Pic14.jpg.mno" server="accnews.ca/public_html/www2/" local="3320280000" remote="20500149184" /><file name="story2Pic7.jpg.mno" server="accnews.ca/public_html/www2/" local="3320280000" remote="20500149184" /><file name="story1Pic5.jpg.mno" server="accnews.ca/public_html/www2/" local="3320280000" remote="20500149184" /><file name="story4Pic1.jpg.mno" server="accnews.ca/public_html/www2/" local="3320280000" remote="20500149184" /><file name="story2Pic9.jpg.mno" server="accnews.ca/public_html/www2/" local="3320280000" remote="20500149184" /><file name="story1BtnPic.jpg.mno" server="accnews.ca/public_html/www2/" local="3320280000" remote="20500149184" /><file name="story1Pic1.jpg.mno" server="accnews.ca/public_html/www2/" local="3320280000" remote="20500149184" /><file name="story2Pic1.jpg.mno" server="accnews.ca/public_html/www2/" local="3320280000" remote="20500149184" /><file name="story3vHigh.flv.mno" server="accnews.ca/public_html/www2/" local="3320280000" remote="20500149184" /><file name="story5vLow.flv.mno" server="accnews.ca/public_html/www2/" local="3320280000" remote="20500149184" /><file name="story2Pic10.jpg.mno" server="accnews.ca/public_html/www2/" local="3320280000" remote="20500149184" /><file name="story2.mp3.mno" server="accnews.ca/public_html/www2/" local="3320280000" remote="20500149184" /><file name="story4.mp3.mno" server="accnews.ca/public_html/www2/" local="3320280000" remote="20500149184" /><file name="story1.mp3.mno" server="accnews.ca/public_html/www2/" local="3320280000" remote="20500149184" /><file name="story2Pic5.jpg.mno" server="accnews.ca/public_html/www2/" local="3320280000" remote="20500149184" /><file name="story1Pic8.jpg.mno" server="accnews.ca/public_html/www2/" local="3320280000" remote="20500149184" /><file name="story1Pic7.jpg.mno" server="accnews.ca/public_html/www2/" local="3320280000" remote="20500149184" /><file name="story4Pic6.jpg.mno" server="accnews.ca/public_html/www2/" local="3320280000" remote="20500149184" /><file name="story4Pic4.jpg.mno" server="accnews.ca/public_html/www2/" local="3320280000" remote="20500149184" /><file name="story3vBtnPic.jpg.mno" server="accnews.ca/public_html/www2/" local="3320280000" remote="20500149184" /><file name="story3vLow.flv.mno" server="accnews.ca/public_html/www2/" local="3320280000" remote="20500149184" /><file name="story2Pic15.jpg.mno" server="accnews.ca/public_html/www2/" local="3320280000" remote="20500149184" /><file name="story4Pic2.jpg.mno" server="accnews.ca/public_html/www2/" local="3320280000" remote="20500149184" /><file name="story2Pic19.jpg.mno" server="accnews.ca/public_html/www2/" local="3320280000" remote="20500149184" /><file name="countryText.txt.mno" server="accnews.ca/public_html/www2/" local="3320280000" remote="20500149184" /><file name="story4BtnPic.jpg.mno" server="accnews.ca/public_html/www2/" local="3320280000" remote="20500149184" /><file name="story4Pic7.jpg.mno" server="accnews.ca/public_html/www2/" local="3320280000" remote="20500149184" /><file name="story1Pic4.jpg.mno" server="accnews.ca/public_html/www2/" local="3320280000" remote="20500149184" /><file name="story1Pic6.jpg.mno" server="accnews.ca/public_html/www2/" local="3320280000" remote="20500149184" /><file name="story4Pic8.jpg.mno" server="accnews.ca/public_html/www2/" local="3320280000" remote="20500149184" /><file name="story1Pic9.jpg.mno" server="accnews.ca/public_html/www2/" local="3320280000" remote="20500149184" /><file name="story1Pic10.jpg.mno" server="accnews.ca/public_html/www2/" local="3320280000" remote="20500149184" /><file name="story5vHigh.flv.mno" server="accnews.ca/public_html/www2/" local="3320280000" remote="20500149184" /><file name="story1Pic3.jpg.mno" server="accnews.ca/public_html/www2/" local="3320280000" remote="20500149184" /><file name="story2Pic3.jpg.mno" server="accnews.ca/public_html/www2/" local="3320280000" remote="20500149184" /><file name="story4Pic9.jpg.mno" server="accnews.ca/public_html/www2/" local="3320280000" remote="20500149184" /><file name="story4Pic5.jpg.mno" server="accnews.ca/public_html/www2/" local="3320280000" remote="20500149184" /><file name="story2Pic11.jpg.mno" server="accnews.ca/public_html/www2/" local="3320280000" remote="20500149184" /><file name="story2Pic18.jpg.mno" server="accnews.ca/public_html/www2/" local="3320280000" remote="20500149184" /><file name="story2Pic17.jpg.mno" server="accnews.ca/public_html/www2/" local="3320280000" remote="20500149184" /><file name="story2Pic8.jpg.mno" server="accnews.ca/public_html/www2/" local="3320280000" remote="20500149184" /><file name="story2Pic12.jpg.mno" server="accnews.ca/public_html/www2/" local="3320280000" remote="20500149184" /><file name="story2Pic16.jpg.mno" server="accnews.ca/public_html/www2/" local="3320280000" remote="20500149184" /><file name="story1Pic11.jpg.mno" server="accnews.ca/public_html/www2/" local="3320280000" remote="20500149184" /><file name="homeClipLow.flv.mno" server="accnews.ca/public_html/www2/" local="3320280000" remote="20500149184" /><file name="story4Pic11.jpg.mno" server="accnews.ca/public_html/www2/" local="3320280000" remote="20500149184" /><file name="story2Pic13.jpg.mno" server="accnews.ca/public_html/www2/" local="3320280000" remote="20500149184" /><file name="story2Pic2.jpg.mno" server="accnews.ca/public_html/www2/" local="3320280000" remote="20500149184" /><file name="story2Pic4.jpg.mno" server="accnews.ca/public_html/www2/" local="3320280000" remote="20500149184" /><file name="story3.mp3.mno" server="accnews.ca/public_html/www2/" local="3320280000" remote="20500149184" /><file name="homeClipHigh.flv.mno" server="accnews.ca/public_html/www2/" local="3320280000" remote="20500149184" /><file name="story1Pic2.jpg.mno" server="accnews.ca/public_html/www2/" local="3320280000" remote="20500149184" /><file name="story4Pic3.jpg.mno" server="accnews.ca/public_html/www2/" local="3320280000" remote="20500149184" /><file name="story4Pic10.jpg.mno" server="accnews.ca/public_html/www2/" local="3320280000" remote="20500149184" /><file name="story2BtnPic.jpg.mno" server="accnews.ca/public_html/www2/" local="3320280000" remote="20500149184" /><file name="story5vBtnPic.jpg.mno" server="accnews.ca/public_html/www2/" local="3320280000" remote="20500149184" /><file name="story2Pic6.jpg.mno" server="accnews.ca/public_html/www2/" local="3320280000" remote="20500149184" /></dwsync>