<?xml version="1.0" encoding="utf-8" ?><dwsync><file name="story1vLow.flv.mno" server="ns1.anglican.ca//var/www/html/gateway.anglican.ca/" local="-4526768648060141568" remote="-4526768648060141568" /><file name="countryText.txt.mno" server="ns1.anglican.ca//var/www/html/gateway.anglican.ca/" local="-4524137190317359104" remote="-4524137190317359104" /><file name="story4vBtnPic.jpg.mno" server="ns1.anglican.ca//var/www/html/gateway.anglican.ca/" local="-4524421147785166848" remote="-4524421147785166848" /><file name="story2vLow.flv.mno" server="ns1.anglican.ca//var/www/html/gateway.anglican.ca/" local="-4524456890503004160" remote="-4524456890503004160" /><file name="story3Low.flv.mno" server="ns1.anglican.ca//var/www/html/gateway.anglican.ca/" local="-4524458479640903680" remote="-4524458479640903680" /><file name="story2vBtnPic.jpg.mno" server="ns1.anglican.ca//var/www/html/gateway.anglican.ca/" local="-4524421272339218432" remote="-4524421272339218432" /><file name="homeClipHigh.flv.mno" server="ns1.anglican.ca//var/www/html/gateway.anglican.ca/" local="-4524457788151169024" remote="-4524457788151169024" /><file name="story3vBtnPic.jpg.mno" server="ns1.anglican.ca//var/www/html/gateway.anglican.ca/" local="-4524420950216671232" remote="-4524420950216671232" /><file name="story4vLow.flv.mno" server="ns1.anglican.ca//var/www/html/gateway.anglican.ca/" local="-4524455911250460672" remote="-4524455911250460672" /><file name="story2vHigh.flv.mno" server="ns1.anglican.ca//var/www/html/gateway.anglican.ca/" local="-4524456963517448192" remote="-4524456963517448192" /><file name="story4vHigh.flv.mno" server="ns1.anglican.ca//var/www/html/gateway.anglican.ca/" local="-4524455997149806592" remote="-4524455997149806592" /><file name="story1Low.flv.mno" server="ns1.anglican.ca//var/www/html/gateway.anglican.ca/" local="-4524457178265812992" remote="-4524457178265812992" /><file name="homeClipLow.flv.mno" server="ns1.anglican.ca//var/www/html/gateway.anglican.ca/" local="-4524457680776986624" remote="-4524457680776986624" /><file name="story5vLow.flv.mno" server="ns1.anglican.ca//var/www/html/gateway.anglican.ca/" local="-4524454841803603968" remote="-4524454841803603968" /><file name="story1vHigh.flv.mno" server="ns1.anglican.ca//var/www/html/gateway.anglican.ca/" local="-4526768742549422080" remote="-4526768742549422080" /><file name="story3High.flv.mno" server="ns1.anglican.ca//var/www/html/gateway.anglican.ca/" local="-4524458483935870976" remote="-4524458483935870976" /><file name="story1vBtnPic.jpg.mno" server="ns1.anglican.ca//var/www/html/gateway.anglican.ca/" local="-4524420099813146624" remote="-4524420099813146624" /><file name="story3vHigh.flv.mno" server="ns1.anglican.ca//var/www/html/gateway.anglican.ca/" local="-4524456327862288384" remote="-4524456327862288384" /><file name="story2Low.flv.mno" server="ns1.anglican.ca//var/www/html/gateway.anglican.ca/" local="-4524458483935870976" remote="-4524458483935870976" /><file name="story5vHigh.flv.mno" server="ns1.anglican.ca//var/www/html/gateway.anglican.ca/" local="-4524455005012361216" remote="-4524455005012361216" /><file name="story3vLow.flv.mno" server="ns1.anglican.ca//var/www/html/gateway.anglican.ca/" local="-4524456173243465728" remote="-4524456173243465728" /><file name="story5vBtnPic.jpg.mno" server="ns1.anglican.ca//var/www/html/gateway.anglican.ca/" local="-4524421147785166848" remote="-4524421147785166848" /><file name="story2High.flv.mno" server="ns1.anglican.ca//var/www/html/gateway.anglican.ca/" local="-4524458483935870976" remote="-4524458483935870976" /><file name="story1High.flv.mno" server="ns1.anglican.ca//var/www/html/gateway.anglican.ca/" local="-4524457246985289728" remote="-4524457246985289728" /><file name="story1vLow.flv.mno" server="ns1.anglican.ca//var/www/html/gateway/" local="3240996838" remote="383882462170558438" /><file name="countryText.txt.mno" server="ns1.anglican.ca//var/www/html/gateway/" local="3241609522" remote="383882462171171122" /><file name="story4vBtnPic.jpg.mno" server="ns1.anglican.ca//var/www/html/gateway/" local="3241543408" remote="383882462171105008" /><file name="story2vLow.flv.mno" server="ns1.anglican.ca//var/www/html/gateway/" local="3241535086" remote="383882462171096686" /><file name="story3Low.flv.mno" server="ns1.anglican.ca//var/www/html/gateway/" local="3241534716" remote="383882462171096316" /><file name="story2vBtnPic.jpg.mno" server="ns1.anglican.ca//var/www/html/gateway/" local="3241543379" remote="383882462171104979" /><file name="homeClipHigh.flv.mno" server="ns1.anglican.ca//var/www/html/gateway/" local="3241534877" remote="383882462171096477" /><file name="story3vBtnPic.jpg.mno" server="ns1.anglican.ca//var/www/html/gateway/" local="3241543454" remote="383882462171105054" /><file name="story4vLow.flv.mno" server="ns1.anglican.ca//var/www/html/gateway/" local="3241535314" remote="383882462171096914" /><file name="story2vHigh.flv.mno" server="ns1.anglican.ca//var/www/html/gateway/" local="3241535069" remote="383882462171096669" /><file name="story4vHigh.flv.mno" server="ns1.anglican.ca//var/www/html/gateway/" local="3241535294" remote="383882462171096894" /><file name="story1Low.flv.mno" server="ns1.anglican.ca//var/www/html/gateway/" local="3241535019" remote="383882462171096619" /><file name="homeClipLow.flv.mno" server="ns1.anglican.ca//var/www/html/gateway/" local="3241534902" remote="383882462171096502" /><file name="story5vLow.flv.mno" server="ns1.anglican.ca//var/www/html/gateway/" local="3241535563" remote="383882462171097163" /><file name="story1vHigh.flv.mno" server="ns1.anglican.ca//var/www/html/gateway/" local="3240996816" remote="383882462170558416" /><file name="story3High.flv.mno" server="ns1.anglican.ca//var/www/html/gateway/" local="3241534715" remote="383882462171096315" /><file name="story1vBtnPic.jpg.mno" server="ns1.anglican.ca//var/www/html/gateway/" local="3241543652" remote="383882462171105252" /><file name="story3vHigh.flv.mno" server="ns1.anglican.ca//var/www/html/gateway/" local="3241535217" remote="383882462171096817" /><file name="story2Low.flv.mno" server="ns1.anglican.ca//var/www/html/gateway/" local="3241534715" remote="383882462171096315" /><file name="story5vHigh.flv.mno" server="ns1.anglican.ca//var/www/html/gateway/" local="3241535525" remote="383882462171097125" /><file name="story3vLow.flv.mno" server="ns1.anglican.ca//var/www/html/gateway/" local="3241535253" remote="383882462171096853" /><file name="story5vBtnPic.jpg.mno" server="ns1.anglican.ca//var/www/html/gateway/" local="3241543408" remote="383882462171105008" /><file name="story2High.flv.mno" server="ns1.anglican.ca//var/www/html/gateway/" local="3241534715" remote="383882462171096315" /><file name="story1High.flv.mno" server="ns1.anglican.ca//var/www/html/gateway/" local="3241535003" remote="383882462171096603" /><file name="countryText.txt.mno" server="ftp.accnews.ca" local="3284035920" remote="84892068364" /><file name="homeClipHigh.flv.mno" server="ftp.accnews.ca" local="3284035920" remote="89187035660" /><file name="homeClipLow.flv.mno" server="ftp.accnews.ca" local="3284035920" remote="84892068364" /><file name="story1High.flv.mno" server="ftp.accnews.ca" local="3284035920" remote="80597101068" /><file name="story1Low.flv.mno" server="ftp.accnews.ca" local="3284035920" remote="76302133772" /><file name="story1vBtnPic.jpg.mno" server="ftp.accnews.ca" local="3284035920" remote="93482002956" /><file name="story1vHigh.flv.mno" server="ftp.accnews.ca" local="3284035920" remote="84892068364" /><file name="story1vLow.flv.mno" server="ftp.accnews.ca" local="3284035920" remote="80597101068" /><file name="story2High.flv.mno" server="ftp.accnews.ca" local="3284035920" remote="80597101068" /><file name="story2Low.flv.mno" server="ftp.accnews.ca" local="3284035920" remote="76302133772" /><file name="story2vBtnPic.jpg.mno" server="ftp.accnews.ca" local="3284035920" remote="93482002956" /><file name="story2vHigh.flv.mno" server="ftp.accnews.ca" local="3284035920" remote="84892068364" /><file name="story2vLow.flv.mno" server="ftp.accnews.ca" local="3284035980" remote="80597101068" /><file name="story3High.flv.mno" server="ftp.accnews.ca" local="3284035980" remote="80597101068" /><file name="story3Low.flv.mno" server="ftp.accnews.ca" local="3284035980" remote="76302133772" /><file name="story3vBtnPic.jpg.mno" server="ftp.accnews.ca" local="3284035980" remote="93482002956" /><file name="story3vHigh.flv.mno" server="ftp.accnews.ca" local="3284035980" remote="84892068364" /><file name="story3vLow.flv.mno" server="ftp.accnews.ca" local="3284035980" remote="80597101068" /><file name="story4vBtnPic.jpg.mno" server="ftp.accnews.ca" local="3284035980" remote="93482002956" /><file name="story4vHigh.flv.mno" server="ftp.accnews.ca" local="3284035980" remote="84892068364" /><file name="story4vLow.flv.mno" server="ftp.accnews.ca" local="3284035980" remote="80597101068" /><file name="story5vBtnPic.jpg.mno" server="ftp.accnews.ca" local="3284035980" remote="93482002956" /><file name="story5vHigh.flv.mno" server="ftp.accnews.ca" local="3284035980" remote="84892068364" /><file name="story5vLow.flv.mno" server="ftp.accnews.ca" local="3284035980" remote="80597101068" /><file name="story2High.flv.mno" server="accnews.ca/public_html/www2/" local="3320280000" remote="20500149184" /><file name="story2Low.flv.mno" server="accnews.ca/public_html/www2/" local="3320280000" remote="20500149184" /><file name="story3vHigh.flv.mno" server="accnews.ca/public_html/www2/" local="3320280000" remote="20500149184" /><file name="story5vLow.flv.mno" server="accnews.ca/public_html/www2/" local="3320280000" remote="20500149184" /><file name="story2vLow.flv.mno" server="accnews.ca/public_html/www2/" local="3320280000" remote="20500149184" /><file name="story1vHigh.flv.mno" server="accnews.ca/public_html/www2/" local="3320280000" remote="20500149184" /><file name="story3Low.flv.mno" server="accnews.ca/public_html/www2/" local="3320280000" remote="20500149184" /><file name="story3vBtnPic.jpg.mno" server="accnews.ca/public_html/www2/" local="3320280000" remote="20500149184" /><file name="story3High.flv.mno" server="accnews.ca/public_html/www2/" local="3320280000" remote="20500149184" /><file name="story1vBtnPic.jpg.mno" server="accnews.ca/public_html/www2/" local="3320280000" remote="20500149184" /><file name="story3vLow.flv.mno" server="accnews.ca/public_html/www2/" local="3320280000" remote="20500149184" /><file name="story4vBtnPic.jpg.mno" server="accnews.ca/public_html/www2/" local="3320280000" remote="20500149184" /><file name="countryText.txt.mno" server="accnews.ca/public_html/www2/" local="3320280000" remote="20500149184" /><file name="story5vHigh.flv.mno" server="accnews.ca/public_html/www2/" local="3320280000" remote="20500149184" /><file name="story2vHigh.flv.mno" server="accnews.ca/public_html/www2/" local="3320280000" remote="20500149184" /><file name="story1Low.flv.mno" server="accnews.ca/public_html/www2/" local="3320280000" remote="20500149184" /><file name="homeClipLow.flv.mno" server="accnews.ca/public_html/www2/" local="3320280000" remote="20500149184" /><file name="story4vLow.flv.mno" server="accnews.ca/public_html/www2/" local="3320280000" remote="20500149184" /><file name="story2vBtnPic.jpg.mno" server="accnews.ca/public_html/www2/" local="3320280000" remote="20500149184" /><file name="story1High.flv.mno" server="accnews.ca/public_html/www2/" local="3320280000" remote="20500149184" /><file name="story1vLow.flv.mno" server="accnews.ca/public_html/www2/" local="3320280000" remote="20500149184" /><file name="homeClipHigh.flv.mno" server="accnews.ca/public_html/www2/" local="3320280000" remote="20500149184" /><file name="story4vHigh.flv.mno" server="accnews.ca/public_html/www2/" local="3320280000" remote="20500149184" /><file name="story5vBtnPic.jpg.mno" server="accnews.ca/public_html/www2/" local="3320280000" remote="20500149184" /></dwsync>