<?xml version="1.0" encoding="utf-8" ?><dwsync><file name="template.swf.mno" server="ns1.anglican.ca//var/www/html/gateway.anglican.ca/" local="-4604279549188898816" remote="-4604279549188898816" /><file name="a.htm.mno" server="ns1.anglican.ca//var/www/html/gateway.anglican.ca/" local="-4604198309882494976" remote="-4604198309882494976" /><file name="primate785x55_top.gif.mno" server="ns1.anglican.ca//var/www/html/gateway.anglican.ca/" local="-4604279600728506368" remote="-4604279600728506368" /><file name="index.htm.mno" server="ns1.anglican.ca//var/www/html/gateway.anglican.ca/" local="-4586863912070152192" remote="-4586863912070152192" /><file name="template.swf.mno" server="ns1.anglican.ca//var/www/html/gateway/" local="3222949925" remote="383882462152511525" /><file name="a.htm.mno" server="ns1.anglican.ca//var/www/html/gateway/" local="3222968840" remote="383882462152530440" /><file name="primate785x55_top.gif.mno" server="ns1.anglican.ca//var/www/html/gateway/" local="3222949913" remote="383882462152511513" /><file name="index.htm.mno" server="ns1.anglican.ca//var/www/html/gateway/" local="3227004819" remote="383882462156566419" /><file name="a.htm.mno" server="ftp.accnews.ca" local="3284035860" remote="41942395104" /><file name="index.htm.mno" server="ftp.accnews.ca" local="3284035920" remote="59122264288" /><file name="primate785x55_top.gif.mno" server="ftp.accnews.ca" local="3284035920" remote="110661871840" /><file name="template.swf.mno" server="ftp.accnews.ca" local="3284035920" remote="72007166176" /><file name="template.swf.mno" server="accnews.ca/public_html/www2/" local="3320280000" remote="20500149184" /><file name="index.htm.mno" server="accnews.ca/public_html/www2/" local="3320280000" remote="20500149184" /><file name="a.htm.mno" server="accnews.ca/public_html/www2/" local="3320280000" remote="20500149184" /><file name="primate785x55_top.gif.mno" server="accnews.ca/public_html/www2/" local="3320280000" remote="20500149184" /></dwsync>