<?xml version="1.0" encoding="utf-8" ?><dwsync><file name="primate785x55_top.gif" server="ns1.anglican.ca//var/www/html/gateway.anglican.ca/" local="-4524454704364650496" remote="-4524454704364650496" /><file name="template.swf" server="ns1.anglican.ca//var/www/html/gateway.anglican.ca/" local="-4524136249719521280" remote="-4524136249719521280" /><file name="kh.gif" server="ns1.anglican.ca//var/www/html/gateway.anglican.ca/" local="-4524454764494192640" remote="-4524454764494192640" /><file name="index.htm" server="ns1.anglican.ca//var/www/html/gateway.anglican.ca/" local="-4524136524597428224" remote="-4524136524597428224" /><file name="primate785x55_top.gif" server="ns1.anglican.ca//var/www/html/gateway/" local="3241535595" remote="383882462171097195" /><file name="template.swf" server="ns1.anglican.ca//var/www/html/gateway/" local="3241609741" remote="383882462171171341" /><file name="kh.gif" server="ns1.anglican.ca//var/www/html/gateway/" local="3241535581" remote="383882462171097181" /><file name="index.htm" server="ns1.anglican.ca//var/www/html/gateway/" local="3241609677" remote="383882462171171277" /><file name="index.htm" server="ftp.accnews.ca" local="3282918660" remote="41937624324" /><file name="kh.gif" server="ftp.accnews.ca" local="3282918660" remote="29052722436" /><file name="primate785x55_top.gif" server="ftp.accnews.ca" local="3282918660" remote="93477231876" /><file name="template.swf" server="ftp.accnews.ca" local="3282918660" remote="54822526212" /><file name="template.swf" server="accnews.ca/public_html/www2/" local="3282872400" remote="20462741584" /><file name="primate785x55_top.gif" server="accnews.ca/public_html/www2/" local="3282872400" remote="20462741584" /><file name="kh.gif" server="accnews.ca/public_html/www2/" local="3282872400" remote="20462741584" /><file name="index.htm" server="accnews.ca/public_html/www2/" local="3282872400" remote="20462741584" /></dwsync>