<?xml version="1.0" encoding="utf-8" ?><dwsync><file name="story5vBtnPic.jpg" server="ns1.anglican.ca//var/www/html/gateway.anglican.ca/" local="-4524421177849937920" remote="-4524421177849937920" /><file name="countryText.txt" server="ns1.anglican.ca//var/www/html/gateway.anglican.ca/" local="-4524137194612326400" remote="-4524137194612326400" /><file name="story1High.flv" server="ns1.anglican.ca//var/www/html/gateway.anglican.ca/" local="-4524457251280257024" remote="-4524457251280257024" /><file name="homeClipHigh.flv" server="ns1.anglican.ca//var/www/html/gateway.anglican.ca/" local="-4524457788151169024" remote="-4524457788151169024" /><file name="story5vHigh.flv" server="ns1.anglican.ca//var/www/html/gateway.anglican.ca/" local="-4524455030782164992" remote="-4524455030782164992" /><file name="homeClipLow.flv" server="ns1.anglican.ca//var/www/html/gateway.anglican.ca/" local="-4524457685071953920" remote="-4524457685071953920" /><file name="story3vHigh.flv" server="ns1.anglican.ca//var/www/html/gateway.anglican.ca/" local="-4524456327862288384" remote="-4524456327862288384" /><file name="story1vBtnPic.jpg" server="ns1.anglican.ca//var/www/html/gateway.anglican.ca/" local="-4524420104108113920" remote="-4524420104108113920" /><file name="story4vBtnPic.jpg" server="ns1.anglican.ca//var/www/html/gateway.anglican.ca/" local="-4524421195029807104" remote="-4524421195029807104" /><file name="story2vBtnPic.jpg" server="ns1.anglican.ca//var/www/html/gateway.anglican.ca/" local="-4524421293814054912" remote="-4524421293814054912" /><file name="story3vBtnPic.jpg" server="ns1.anglican.ca//var/www/html/gateway.anglican.ca/" local="-4524420967396540416" remote="-4524420967396540416" /><file name="story5vLow.flv" server="ns1.anglican.ca//var/www/html/gateway.anglican.ca/" local="-4524454841803603968" remote="-4524454841803603968" /><file name="story1Low.flv" server="ns1.anglican.ca//var/www/html/gateway.anglican.ca/" local="-4524457182560780288" remote="-4524457182560780288" /><file name="story2vLow.flv" server="ns1.anglican.ca//var/www/html/gateway.anglican.ca/" local="-4524456903387906048" remote="-4524456903387906048" /><file name="story4vLow.flv" server="ns1.anglican.ca//var/www/html/gateway.anglican.ca/" local="-4524455932725297152" remote="-4524455932725297152" /><file name="story2vHigh.flv" server="ns1.anglican.ca//var/www/html/gateway.anglican.ca/" local="-4524456967812415488" remote="-4524456967812415488" /><file name="story4vHigh.flv" server="ns1.anglican.ca//var/www/html/gateway.anglican.ca/" local="-4524456001444773888" remote="-4524456001444773888" /><file name="story3vLow.flv" server="ns1.anglican.ca//var/www/html/gateway.anglican.ca/" local="-4524456177538433024" remote="-4524456177538433024" /><file name="story1vHigh.flv" server="ns1.anglican.ca//var/www/html/gateway.anglican.ca/" local="-4526768755434323968" remote="-4526768755434323968" /><file name="story1vLow.flv" server="ns1.anglican.ca//var/www/html/gateway.anglican.ca/" local="-4526768660945043456" remote="-4526768660945043456" /><file name="story5vBtnPic.jpg" server="ns1.anglican.ca//var/www/html/gateway/" local="3241543401" remote="383882462171105001" /><file name="countryText.txt" server="ns1.anglican.ca//var/www/html/gateway/" local="3241609521" remote="383882462171171121" /><file name="story1High.flv" server="ns1.anglican.ca//var/www/html/gateway/" local="3241535002" remote="383882462171096602" /><file name="homeClipHigh.flv" server="ns1.anglican.ca//var/www/html/gateway/" local="3241534877" remote="383882462171096477" /><file name="story5vHigh.flv" server="ns1.anglican.ca//var/www/html/gateway/" local="3241535519" remote="383882462171097119" /><file name="homeClipLow.flv" server="ns1.anglican.ca//var/www/html/gateway/" local="3241534901" remote="383882462171096501" /><file name="story3vHigh.flv" server="ns1.anglican.ca//var/www/html/gateway/" local="3241535217" remote="383882462171096817" /><file name="story1vBtnPic.jpg" server="ns1.anglican.ca//var/www/html/gateway/" local="3241543651" remote="383882462171105251" /><file name="story4vBtnPic.jpg" server="ns1.anglican.ca//var/www/html/gateway/" local="3241543397" remote="383882462171104997" /><file name="story2vBtnPic.jpg" server="ns1.anglican.ca//var/www/html/gateway/" local="3241543374" remote="383882462171104974" /><file name="story3vBtnPic.jpg" server="ns1.anglican.ca//var/www/html/gateway/" local="3241543450" remote="383882462171105050" /><file name="story5vLow.flv" server="ns1.anglican.ca//var/www/html/gateway/" local="3241535563" remote="383882462171097163" /><file name="story1Low.flv" server="ns1.anglican.ca//var/www/html/gateway/" local="3241535018" remote="383882462171096618" /><file name="story2vLow.flv" server="ns1.anglican.ca//var/www/html/gateway/" local="3241535083" remote="383882462171096683" /><file name="story4vLow.flv" server="ns1.anglican.ca//var/www/html/gateway/" local="3241535309" remote="383882462171096909" /><file name="story2vHigh.flv" server="ns1.anglican.ca//var/www/html/gateway/" local="3241535068" remote="383882462171096668" /><file name="story4vHigh.flv" server="ns1.anglican.ca//var/www/html/gateway/" local="3241535293" remote="383882462171096893" /><file name="story3vLow.flv" server="ns1.anglican.ca//var/www/html/gateway/" local="3241535252" remote="383882462171096852" /><file name="story1vHigh.flv" server="ns1.anglican.ca//var/www/html/gateway/" local="3240996813" remote="383882462170558413" /><file name="story1vLow.flv" server="ns1.anglican.ca//var/www/html/gateway/" local="3240996835" remote="383882462170558435" /><file name="countryText.txt" server="ftp.accnews.ca" local="3282918240" remote="67707427680" /><file name="homeClipHigh.flv" server="ftp.accnews.ca" local="3282918300" remote="72002395036" /><file name="homeClipLow.flv" server="ftp.accnews.ca" local="3282918300" remote="67707427740" /><file name="story1High.flv" server="ftp.accnews.ca" local="3282918360" remote="63412460504" /><file name="story1Low.flv" server="ftp.accnews.ca" local="3282918360" remote="59117493208" /><file name="story1vBtnPic.jpg" server="ftp.accnews.ca" local="3282918360" remote="76297362392" /><file name="story1vHigh.flv" server="ftp.accnews.ca" local="3282918420" remote="67707427860" /><file name="story1vLow.flv" server="ftp.accnews.ca" local="3282918420" remote="63412460564" /><file name="story2vBtnPic.jpg" server="ftp.accnews.ca" local="3282918420" remote="76297362452" /><file name="story2vHigh.flv" server="ftp.accnews.ca" local="3282918420" remote="67707427860" /><file name="story2vLow.flv" server="ftp.accnews.ca" local="3282918420" remote="63412460564" /><file name="story3vBtnPic.jpg" server="ftp.accnews.ca" local="3282918420" remote="76297362452" /><file name="story3vHigh.flv" server="ftp.accnews.ca" local="3282918480" remote="67707427920" /><file name="story3vLow.flv" server="ftp.accnews.ca" local="3282918540" remote="63412460684" /><file name="story4vBtnPic.jpg" server="ftp.accnews.ca" local="3282918540" remote="76297362572" /><file name="story4vHigh.flv" server="ftp.accnews.ca" local="3282918540" remote="67707427980" /><file name="story4vLow.flv" server="ftp.accnews.ca" local="3282918540" remote="63412460684" /><file name="story5vBtnPic.jpg" server="ftp.accnews.ca" local="3282918540" remote="76297362572" /><file name="story5vHigh.flv" server="ftp.accnews.ca" local="3282918600" remote="67707428040" /><file name="story5vLow.flv" server="ftp.accnews.ca" local="3282918660" remote="63412460804" /><file name="story3vHigh.flv" server="accnews.ca/public_html/www2/" local="3282872400" remote="20462741584" /><file name="homeClipHigh.flv" server="accnews.ca/public_html/www2/" local="3282872400" remote="20462741584" /><file name="story4vHigh.flv" server="accnews.ca/public_html/www2/" local="3282872400" remote="20462741584" /><file name="homeClipLow.flv" server="accnews.ca/public_html/www2/" local="3282872400" remote="20462741584" /><file name="story2vLow.flv" server="accnews.ca/public_html/www2/" local="3282872400" remote="20462741584" /><file name="story2vHigh.flv" server="accnews.ca/public_html/www2/" local="3282872400" remote="20462741584" /><file name="story5vBtnPic.jpg" server="accnews.ca/public_html/www2/" local="3282872400" remote="20462741584" /><file name="story3vLow.flv" server="accnews.ca/public_html/www2/" local="3282872400" remote="20462741584" /><file name="story5vLow.flv" server="accnews.ca/public_html/www2/" local="3282872400" remote="20462741584" /><file name="story5vHigh.flv" server="accnews.ca/public_html/www2/" local="3282872400" remote="20462741584" /><file name="story1vHigh.flv" server="accnews.ca/public_html/www2/" local="3282872400" remote="20462741584" /><file name="story1vLow.flv" server="accnews.ca/public_html/www2/" local="3282872400" remote="20462741584" /><file name="story4vBtnPic.jpg" server="accnews.ca/public_html/www2/" local="3282872400" remote="20462741584" /><file name="story1Low.flv" server="accnews.ca/public_html/www2/" local="3282872400" remote="20462741584" /><file name="story2vBtnPic.jpg" server="accnews.ca/public_html/www2/" local="3282872400" remote="20462741584" /><file name="story1High.flv" server="accnews.ca/public_html/www2/" local="3282872400" remote="20462741584" /><file name="story3vBtnPic.jpg" server="accnews.ca/public_html/www2/" local="3282872400" remote="20462741584" /><file name="countryText.txt" server="accnews.ca/public_html/www2/" local="3282872400" remote="20462741584" /><file name="story4vLow.flv" server="accnews.ca/public_html/www2/" local="3282872400" remote="20462741584" /><file name="story1vBtnPic.jpg" server="accnews.ca/public_html/www2/" local="3282872400" remote="20462741584" /></dwsync>