<?xml version="1.0" encoding="utf-8" ?><dwsync><file name="kh.gif.mno" server="ns1.anglican.ca//var/www/html/gateway.anglican.ca/" local="-4524454721544519680" remote="-4524454721544519680" /><file name="template.swf.mno" server="ns1.anglican.ca//var/www/html/gateway.anglican.ca/" local="-4524136228244684800" remote="-4524136228244684800" /><file name="primate785x55_top.gif.mno" server="ns1.anglican.ca//var/www/html/gateway.anglican.ca/" local="-4524454674299879424" remote="-4524454674299879424" /><file name="index.htm.mno" server="ns1.anglican.ca//var/www/html/gateway.anglican.ca/" local="-4524136520302460928" remote="-4524136520302460928" /><file name="kh.gif.mno" server="ns1.anglican.ca//var/www/html/gateway/" local="3241535591" remote="383882462171097191" /><file name="template.swf.mno" server="ns1.anglican.ca//var/www/html/gateway/" local="3241609746" remote="383882462171171346" /><file name="primate785x55_top.gif.mno" server="ns1.anglican.ca//var/www/html/gateway/" local="3241535602" remote="383882462171097202" /><file name="index.htm.mno" server="ns1.anglican.ca//var/www/html/gateway/" local="3241609678" remote="383882462171171278" /><file name="index.htm.mno" server="ftp.accnews.ca" local="3284035920" remote="59122264588" /><file name="kh.gif.mno" server="ftp.accnews.ca" local="3284035920" remote="46237362700" /><file name="primate785x55_top.gif.mno" server="ftp.accnews.ca" local="3284035920" remote="110661872140" /><file name="template.swf.mno" server="ftp.accnews.ca" local="3284035920" remote="72007166476" /><file name="template.swf.mno" server="accnews.ca/public_html/www2/" local="3320280000" remote="20500149184" /><file name="index.htm.mno" server="accnews.ca/public_html/www2/" local="3320280000" remote="20500149184" /><file name="kh.gif.mno" server="accnews.ca/public_html/www2/" local="3320280000" remote="20500149184" /><file name="primate785x55_top.gif.mno" server="accnews.ca/public_html/www2/" local="3320280000" remote="20500149184" /></dwsync>