<?xml version="1.0" encoding="utf-8" ?><dwsync><file name="a.htm" server="ns1.anglican.ca//var/www/html/gateway.anglican.ca/" local="-4604198391486873600" remote="-4604198391486873600" /><file name="primate785x55_top.gif" server="ns1.anglican.ca//var/www/html/gateway.anglican.ca/" local="-4604279622203342848" remote="-4604279622203342848" /><file name="template.swf" server="ns1.anglican.ca//var/www/html/gateway.anglican.ca/" local="-4604279553483866112" remote="-4604279553483866112" /><file name="index.htm" server="ns1.anglican.ca//var/www/html/gateway.anglican.ca/" local="-4586863933544988672" remote="-4586863933544988672" /><file name="a.htm" server="ns1.anglican.ca//var/www/html/gateway/" local="3222968821" remote="383882462152530421" /><file name="primate785x55_top.gif" server="ns1.anglican.ca//var/www/html/gateway/" local="3222949908" remote="383882462152511508" /><file name="template.swf" server="ns1.anglican.ca//var/www/html/gateway/" local="3222949924" remote="383882462152511524" /><file name="index.htm" server="ns1.anglican.ca//var/www/html/gateway/" local="3227004814" remote="383882462156566414" /><file name="a.htm" server="ftp.accnews.ca" local="3282918000" remote="24757754480" /><file name="index.htm" server="ftp.accnews.ca" local="3282918180" remote="41937623844" /><file name="primate785x55_top.gif" server="ftp.accnews.ca" local="3282918180" remote="93477231396" /><file name="template.swf" server="ftp.accnews.ca" local="3282918180" remote="54822525732" /><file name="template.swf" server="accnews.ca/public_html/www2/" local="3282872400" remote="20462741584" /><file name="primate785x55_top.gif" server="accnews.ca/public_html/www2/" local="3282872400" remote="20462741584" /><file name="a.htm" server="accnews.ca/public_html/www2/" local="3282872400" remote="20462741584" /><file name="index.htm" server="accnews.ca/public_html/www2/" local="3282872400" remote="20462741584" /></dwsync>