<?xml version="1.0" encoding="utf-8" ?><dwsync><file name="story2Pic14.jpg" server="ns1.anglican.ca//var/www/html/gateway.anglican.ca/" local="-4604281073902288896" remote="-4604281073902288896" /><file name="story4.mp3" server="ns1.anglican.ca//var/www/html/gateway.anglican.ca/" local="-4604280129009483776" remote="-4604280129009483776" /><file name="story2Pic6.jpg" server="ns1.anglican.ca//var/www/html/gateway.anglican.ca/" local="-4604280975118041088" remote="-4604280975118041088" /><file name="story5vBtnPic.jpg" server="ns1.anglican.ca//var/www/html/gateway.anglican.ca/" local="-4604279940030922752" remote="-4604279940030922752" /><file name="story4Pic8.jpg" server="ns1.anglican.ca//var/www/html/gateway.anglican.ca/" local="-4604279961505759232" remote="-4604279961505759232" /><file name="countryText.txt" server="ns1.anglican.ca//var/www/html/gateway.anglican.ca/" local="-4596424157083729920" remote="-4596424157083729920" /><file name="story4Pic1.jpg" server="ns1.anglican.ca//var/www/html/gateway.anglican.ca/" local="-4604280116124581888" remote="-4604280116124581888" /><file name="homeClipHigh.flv" server="ns1.anglican.ca//var/www/html/gateway.anglican.ca/" local="-4604281670902743040" remote="-4604281670902743040" /><file name="story4BtnPic.jpg" server="ns1.anglican.ca//var/www/html/gateway.anglican.ca/" local="-4604280120419549184" remote="-4604280120419549184" /><file name="story2Pic8.jpg" server="ns1.anglican.ca//var/www/html/gateway.anglican.ca/" local="-4604280940758302720" remote="-4604280940758302720" /><file name="story1Pic10.jpg" server="ns1.anglican.ca//var/www/html/gateway.anglican.ca/" local="-4604281469039280128" remote="-4604281469039280128" /><file name="story5vHigh.flv" server="ns1.anglican.ca//var/www/html/gateway.anglican.ca/" local="-4604279746757394432" remote="-4604279746757394432" /><file name="story2Pic5.jpg" server="ns1.anglican.ca//var/www/html/gateway.anglican.ca/" local="-4604280988002942976" remote="-4604280988002942976" /><file name="story4Pic4.jpg" server="ns1.anglican.ca//var/www/html/gateway.anglican.ca/" local="-4604280055995039744" remote="-4604280055995039744" /><file name="story3.mp3" server="ns1.anglican.ca//var/www/html/gateway.anglican.ca/" local="-4604280481196802048" remote="-4604280481196802048" /><file name="homeClipLow.flv" server="ns1.anglican.ca//var/www/html/gateway.anglican.ca/" local="-4604281640837971968" remote="-4604281640837971968" /><file name="story3vHigh.flv" server="ns1.anglican.ca//var/www/html/gateway.anglican.ca/" local="-4604280356642750464" remote="-4604280356642750464" /><file name="story2BtnPic.jpg" server="ns1.anglican.ca//var/www/html/gateway.anglican.ca/" local="-4604281142621765632" remote="-4604281142621765632" /><file name="story4Pic5.jpg" server="ns1.anglican.ca//var/www/html/gateway.anglican.ca/" local="-4604280051700072448" remote="-4604280051700072448" /><file name="story4Pic7.jpg" server="ns1.anglican.ca//var/www/html/gateway.anglican.ca/" local="-4604280000160464896" remote="-4604280000160464896" /><file name="story4Pic10.jpg" server="ns1.anglican.ca//var/www/html/gateway.anglican.ca/" local="-4604280094649745408" remote="-4604280094649745408" /><file name="story2Pic3.jpg" server="ns1.anglican.ca//var/www/html/gateway.anglican.ca/" local="-4604281005182812160" remote="-4604281005182812160" /><file name="story2Pic10.jpg" server="ns1.anglican.ca//var/www/html/gateway.anglican.ca/" local="-4604281138326798336" remote="-4604281138326798336" /><file name="story2Pic2.jpg" server="ns1.anglican.ca//var/www/html/gateway.anglican.ca/" local="-4604281018067714048" remote="-4604281018067714048" /><file name="story2Pic9.jpg" server="ns1.anglican.ca//var/www/html/gateway.anglican.ca/" local="-4604280932168368128" remote="-4604280932168368128" /><file name="story4Pic3.jpg" server="ns1.anglican.ca//var/www/html/gateway.anglican.ca/" local="-4604280060290007040" remote="-4604280060290007040" /><file name="story2Pic17.jpg" server="ns1.anglican.ca//var/www/html/gateway.anglican.ca/" local="-4604281052427452416" remote="-4604281052427452416" /><file name="story1BtnPic.jpg" server="ns1.anglican.ca//var/www/html/gateway.anglican.ca/" local="-4604281481924182016" remote="-4604281481924182016" /><file name="story2Pic16.jpg" server="ns1.anglican.ca//var/www/html/gateway.anglican.ca/" local="-4604281056722419712" remote="-4604281056722419712" /><file name="story2Pic13.jpg" server="ns1.anglican.ca//var/www/html/gateway.anglican.ca/" local="-4604281078197256192" remote="-4604281078197256192" /><file name="story4Pic2.jpg" server="ns1.anglican.ca//var/www/html/gateway.anglican.ca/" local="-4604280064584974336" remote="-4604280064584974336" /><file name="story1.mp3" server="ns1.anglican.ca//var/www/html/gateway.anglican.ca/" local="-4604281499104051200" remote="-4604281499104051200" /><file name="story4Pic9.jpg" server="ns1.anglican.ca//var/www/html/gateway.anglican.ca/" local="-4604279952915824640" remote="-4604279952915824640" /><file name="story3vBtnPic.jpg" server="ns1.anglican.ca//var/www/html/gateway.anglican.ca/" local="-4604280476901834752" remote="-4604280476901834752" /><file name="story2Pic15.jpg" server="ns1.anglican.ca//var/www/html/gateway.anglican.ca/" local="-4604281069607321600" remote="-4604281069607321600" /><file name="story1Pic2.jpg" server="ns1.anglican.ca//var/www/html/gateway.anglican.ca/" local="-4604281438974509056" remote="-4604281438974509056" /><file name="story2Pic12.jpg" server="ns1.anglican.ca//var/www/html/gateway.anglican.ca/" local="-4604281091082158080" remote="-4604281091082158080" /><file name="story1Pic5.jpg" server="ns1.anglican.ca//var/www/html/gateway.anglican.ca/" local="-4604281404614770688" remote="-4604281404614770688" /><file name="story1Pic3.jpg" server="ns1.anglican.ca//var/www/html/gateway.anglican.ca/" local="-4604281426089607168" remote="-4604281426089607168" /><file name="story5vLow.flv" server="ns1.anglican.ca//var/www/html/gateway.anglican.ca/" local="-4604279669447983104" remote="-4604279669447983104" /><file name="story2Pic19.jpg" server="ns1.anglican.ca//var/www/html/gateway.anglican.ca/" local="-4604281022362681344" remote="-4604281022362681344" /><file name="story1Pic9.jpg" server="ns1.anglican.ca//var/www/html/gateway.anglican.ca/" local="-4604281370255032320" remote="-4604281370255032320" /><file name="story2.mp3" server="ns1.anglican.ca//var/www/html/gateway.anglican.ca/" local="-4604281159801634816" remote="-4604281159801634816" /><file name="story1Pic11.jpg" server="ns1.anglican.ca//var/www/html/gateway.anglican.ca/" local="-4604281464744312832" remote="-4604281464744312832" /><file name="story1Pic4.jpg" server="ns1.anglican.ca//var/www/html/gateway.anglican.ca/" local="-4604281413204705280" remote="-4604281413204705280" /><file name="story1Pic6.jpg" server="ns1.anglican.ca//var/www/html/gateway.anglican.ca/" local="-4604281400319803392" remote="-4604281400319803392" /><file name="story1Pic1.jpg" server="ns1.anglican.ca//var/www/html/gateway.anglican.ca/" local="-4604281477629214720" remote="-4604281477629214720" /><file name="story1Pic7.jpg" server="ns1.anglican.ca//var/www/html/gateway.anglican.ca/" local="-4604281396024836096" remote="-4604281396024836096" /><file name="story2Pic1.jpg" server="ns1.anglican.ca//var/www/html/gateway.anglican.ca/" local="-4604281142621765632" remote="-4604281142621765632" /><file name="story2Pic18.jpg" server="ns1.anglican.ca//var/www/html/gateway.anglican.ca/" local="-4604281035247583232" remote="-4604281035247583232" /><file name="story4Pic11.jpg" server="ns1.anglican.ca//var/www/html/gateway.anglican.ca/" local="-4604280073174908928" remote="-4604280073174908928" /><file name="story2Pic4.jpg" server="ns1.anglican.ca//var/www/html/gateway.anglican.ca/" local="-4604280992297910272" remote="-4604280992297910272" /><file name="story4Pic6.jpg" server="ns1.anglican.ca//var/www/html/gateway.anglican.ca/" local="-4604280030225235968" remote="-4604280030225235968" /><file name="story3vLow.flv" server="ns1.anglican.ca//var/www/html/gateway.anglican.ca/" local="-4604280313693077504" remote="-4604280313693077504" /><file name="story2Pic7.jpg" server="ns1.anglican.ca//var/www/html/gateway.anglican.ca/" local="-4604280970823073792" remote="-4604280970823073792" /><file name="story2Pic11.jpg" server="ns1.anglican.ca//var/www/html/gateway.anglican.ca/" local="-4604281121146929152" remote="-4604281121146929152" /><file name="story1Pic8.jpg" server="ns1.anglican.ca//var/www/html/gateway.anglican.ca/" local="-4604281383139934208" remote="-4604281383139934208" /><file name="story2Pic14.jpg" server="ns1.anglican.ca//var/www/html/gateway/" local="3222949570" remote="383882462152511170" /><file name="story4.mp3" server="ns1.anglican.ca//var/www/html/gateway/" local="3222949790" remote="383882462152511390" /><file name="story2Pic6.jpg" server="ns1.anglican.ca//var/www/html/gateway/" local="3222949593" remote="383882462152511193" /><file name="story5vBtnPic.jpg" server="ns1.anglican.ca//var/www/html/gateway/" local="3222949834" remote="383882462152511434" /><file name="story4Pic8.jpg" server="ns1.anglican.ca//var/www/html/gateway/" local="3222949829" remote="383882462152511429" /><file name="countryText.txt" server="ns1.anglican.ca//var/www/html/gateway/" local="3224778901" remote="383882462154340501" /><file name="story4Pic1.jpg" server="ns1.anglican.ca//var/www/html/gateway/" local="3222949793" remote="383882462152511393" /><file name="homeClipHigh.flv" server="ns1.anglican.ca//var/www/html/gateway/" local="3222949431" remote="383882462152511031" /><file name="story4BtnPic.jpg" server="ns1.anglican.ca//var/www/html/gateway/" local="3222949792" remote="383882462152511392" /><file name="story2Pic8.jpg" server="ns1.anglican.ca//var/www/html/gateway/" local="3222949601" remote="383882462152511201" /><file name="story1Pic10.jpg" server="ns1.anglican.ca//var/www/html/gateway/" local="3222949478" remote="383882462152511078" /><file name="story5vHigh.flv" server="ns1.anglican.ca//var/www/html/gateway/" local="3222949879" remote="383882462152511479" /><file name="story2Pic5.jpg" server="ns1.anglican.ca//var/www/html/gateway/" local="3222949590" remote="383882462152511190" /><file name="story4Pic4.jpg" server="ns1.anglican.ca//var/www/html/gateway/" local="3222949807" remote="383882462152511407" /><file name="story3.mp3" server="ns1.anglican.ca//var/www/html/gateway/" local="3222949708" remote="383882462152511308" /><file name="homeClipLow.flv" server="ns1.anglican.ca//var/www/html/gateway/" local="3222949438" remote="383882462152511038" /><file name="story3vHigh.flv" server="ns1.anglican.ca//var/www/html/gateway/" local="3222949737" remote="383882462152511337" /><file name="story2BtnPic.jpg" server="ns1.anglican.ca//var/www/html/gateway/" local="3222949554" remote="383882462152511154" /><file name="story4Pic5.jpg" server="ns1.anglican.ca//var/www/html/gateway/" local="3222949808" remote="383882462152511408" /><file name="story4Pic7.jpg" server="ns1.anglican.ca//var/www/html/gateway/" local="3222949820" remote="383882462152511420" /><file name="story4Pic10.jpg" server="ns1.anglican.ca//var/www/html/gateway/" local="3222949798" remote="383882462152511398" /><file name="story2Pic3.jpg" server="ns1.anglican.ca//var/www/html/gateway/" local="3222949586" remote="383882462152511186" /><file name="story2Pic10.jpg" server="ns1.anglican.ca//var/www/html/gateway/" local="3222949555" remote="383882462152511155" /><file name="story2Pic2.jpg" server="ns1.anglican.ca//var/www/html/gateway/" local="3222949583" remote="383882462152511183" /><file name="story2Pic9.jpg" server="ns1.anglican.ca//var/www/html/gateway/" local="3222949603" remote="383882462152511203" /><file name="story4Pic3.jpg" server="ns1.anglican.ca//var/www/html/gateway/" local="3222949806" remote="383882462152511406" /><file name="story2Pic17.jpg" server="ns1.anglican.ca//var/www/html/gateway/" local="3222949575" remote="383882462152511175" /><file name="story1BtnPic.jpg" server="ns1.anglican.ca//var/www/html/gateway/" local="3222949475" remote="383882462152511075" /><file name="story2Pic16.jpg" server="ns1.anglican.ca//var/www/html/gateway/" local="3222949574" remote="383882462152511174" /><file name="story2Pic13.jpg" server="ns1.anglican.ca//var/www/html/gateway/" local="3222949569" remote="383882462152511169" /><file name="story4Pic2.jpg" server="ns1.anglican.ca//var/www/html/gateway/" local="3222949805" remote="383882462152511405" /><file name="story1.mp3" server="ns1.anglican.ca//var/www/html/gateway/" local="3222949471" remote="383882462152511071" /><file name="story4Pic9.jpg" server="ns1.anglican.ca//var/www/html/gateway/" local="3222949831" remote="383882462152511431" /><file name="story3vBtnPic.jpg" server="ns1.anglican.ca//var/www/html/gateway/" local="3222949709" remote="383882462152511309" /><file name="story2Pic15.jpg" server="ns1.anglican.ca//var/www/html/gateway/" local="3222949571" remote="383882462152511171" /><file name="story1Pic2.jpg" server="ns1.anglican.ca//var/www/html/gateway/" local="3222949485" remote="383882462152511085" /><file name="story2Pic12.jpg" server="ns1.anglican.ca//var/www/html/gateway/" local="3222949566" remote="383882462152511166" /><file name="story1Pic5.jpg" server="ns1.anglican.ca//var/www/html/gateway/" local="3222949493" remote="383882462152511093" /><file name="story1Pic3.jpg" server="ns1.anglican.ca//var/www/html/gateway/" local="3222949488" remote="383882462152511088" /><file name="story5vLow.flv" server="ns1.anglican.ca//var/www/html/gateway/" local="3222949897" remote="383882462152511497" /><file name="story2Pic19.jpg" server="ns1.anglican.ca//var/www/html/gateway/" local="3222949582" remote="383882462152511182" /><file name="story1Pic9.jpg" server="ns1.anglican.ca//var/www/html/gateway/" local="3222949501" remote="383882462152511101" /><file name="story2.mp3" server="ns1.anglican.ca//var/www/html/gateway/" local="3222949550" remote="383882462152511150" /><file name="story1Pic11.jpg" server="ns1.anglican.ca//var/www/html/gateway/" local="3222949479" remote="383882462152511079" /><file name="story1Pic4.jpg" server="ns1.anglican.ca//var/www/html/gateway/" local="3222949491" remote="383882462152511091" /><file name="story1Pic6.jpg" server="ns1.anglican.ca//var/www/html/gateway/" local="3222949494" remote="383882462152511094" /><file name="story1Pic1.jpg" server="ns1.anglican.ca//var/www/html/gateway/" local="3222949476" remote="383882462152511076" /><file name="story1Pic7.jpg" server="ns1.anglican.ca//var/www/html/gateway/" local="3222949495" remote="383882462152511095" /><file name="story2Pic1.jpg" server="ns1.anglican.ca//var/www/html/gateway/" local="3222949554" remote="383882462152511154" /><file name="story2Pic18.jpg" server="ns1.anglican.ca//var/www/html/gateway/" local="3222949579" remote="383882462152511179" /><file name="story4Pic11.jpg" server="ns1.anglican.ca//var/www/html/gateway/" local="3222949803" remote="383882462152511403" /><file name="story2Pic4.jpg" server="ns1.anglican.ca//var/www/html/gateway/" local="3222949589" remote="383882462152511189" /><file name="story4Pic6.jpg" server="ns1.anglican.ca//var/www/html/gateway/" local="3222949813" remote="383882462152511413" /><file name="story3vLow.flv" server="ns1.anglican.ca//var/www/html/gateway/" local="3222949747" remote="383882462152511347" /><file name="story2Pic7.jpg" server="ns1.anglican.ca//var/www/html/gateway/" local="3222949594" remote="383882462152511194" /><file name="story2Pic11.jpg" server="ns1.anglican.ca//var/www/html/gateway/" local="3222949559" remote="383882462152511159" /><file name="story1Pic8.jpg" server="ns1.anglican.ca//var/www/html/gateway/" local="3222949498" remote="383882462152511098" /><file name="countryText.txt" server="ftp.accnews.ca" local="3282918000" remote="67707427440" /><file name="homeClipHigh.flv" server="ftp.accnews.ca" local="3282918060" remote="72002394796" /><file name="homeClipLow.flv" server="ftp.accnews.ca" local="3282918060" remote="67707427500" /><file name="story1.mp3" server="ftp.accnews.ca" local="3282918060" remote="46232591020" /><file name="story1BtnPic.jpg" server="ftp.accnews.ca" local="3282918060" remote="72002394796" /><file name="story1Pic1.jpg" server="ftp.accnews.ca" local="3282918060" remote="63412460204" /><file name="story1Pic10.jpg" server="ftp.accnews.ca" local="3282918060" remote="67707427500" /><file name="story1Pic11.jpg" server="ftp.accnews.ca" local="3282918060" remote="67707427500" /><file name="story1Pic2.jpg" server="ftp.accnews.ca" local="3282918060" remote="63412460204" /><file name="story1Pic3.jpg" server="ftp.accnews.ca" local="3282918060" remote="63412460204" /><file name="story1Pic4.jpg" server="ftp.accnews.ca" local="3282918060" remote="63412460204" /><file name="story1Pic5.jpg" server="ftp.accnews.ca" local="3282918060" remote="63412460204" /><file name="story1Pic6.jpg" server="ftp.accnews.ca" local="3282918060" remote="63412460204" /><file name="story1Pic7.jpg" server="ftp.accnews.ca" local="3282918060" remote="63412460204" /><file name="story1Pic8.jpg" server="ftp.accnews.ca" local="3282918060" remote="63412460204" /><file name="story1Pic9.jpg" server="ftp.accnews.ca" local="3282918060" remote="63412460204" /><file name="story2.mp3" server="ftp.accnews.ca" local="3282918060" remote="46232591020" /><file name="story2BtnPic.jpg" server="ftp.accnews.ca" local="3282918060" remote="72002394796" /><file name="story2Pic1.jpg" server="ftp.accnews.ca" local="3282918060" remote="63412460204" /><file name="story2Pic10.jpg" server="ftp.accnews.ca" local="3282918060" remote="67707427500" /><file name="story2Pic11.jpg" server="ftp.accnews.ca" local="3282918060" remote="67707427500" /><file name="story2Pic12.jpg" server="ftp.accnews.ca" local="3282918060" remote="67707427500" /><file name="story2Pic13.jpg" server="ftp.accnews.ca" local="3282918060" remote="67707427500" /><file name="story2Pic14.jpg" server="ftp.accnews.ca" local="3282918060" remote="67707427500" /><file name="story2Pic15.jpg" server="ftp.accnews.ca" local="3282918060" remote="67707427500" /><file name="story2Pic16.jpg" server="ftp.accnews.ca" local="3282918060" remote="67707427500" /><file name="story2Pic17.jpg" server="ftp.accnews.ca" local="3282918060" remote="67707427500" /><file name="story2Pic18.jpg" server="ftp.accnews.ca" local="3282918060" remote="67707427500" /><file name="story2Pic19.jpg" server="ftp.accnews.ca" local="3282918060" remote="67707427500" /><file name="story2Pic2.jpg" server="ftp.accnews.ca" local="3282918060" remote="63412460204" /><file name="story2Pic3.jpg" server="ftp.accnews.ca" local="3282918060" remote="63412460204" /><file name="story2Pic4.jpg" server="ftp.accnews.ca" local="3282918120" remote="63412460264" /><file name="story2Pic5.jpg" server="ftp.accnews.ca" local="3282918120" remote="63412460264" /><file name="story2Pic6.jpg" server="ftp.accnews.ca" local="3282918120" remote="63412460264" /><file name="story2Pic7.jpg" server="ftp.accnews.ca" local="3282918120" remote="63412460264" /><file name="story2Pic8.jpg" server="ftp.accnews.ca" local="3282918120" remote="63412460264" /><file name="story2Pic9.jpg" server="ftp.accnews.ca" local="3282918120" remote="63412460264" /><file name="story3.mp3" server="ftp.accnews.ca" local="3282918120" remote="46232591080" /><file name="story3vBtnPic.jpg" server="ftp.accnews.ca" local="3282918120" remote="76297362152" /><file name="story3vHigh.flv" server="ftp.accnews.ca" local="3282918120" remote="67707427560" /><file name="story3vLow.flv" server="ftp.accnews.ca" local="3282918120" remote="63412460264" /><file name="story4.mp3" server="ftp.accnews.ca" local="3282918180" remote="46232591140" /><file name="story4BtnPic.jpg" server="ftp.accnews.ca" local="3282918180" remote="72002394916" /><file name="story4Pic1.jpg" server="ftp.accnews.ca" local="3282918180" remote="63412460324" /><file name="story4Pic10.jpg" server="ftp.accnews.ca" local="3282918180" remote="67707427620" /><file name="story4Pic11.jpg" server="ftp.accnews.ca" local="3282918180" remote="67707427620" /><file name="story4Pic2.jpg" server="ftp.accnews.ca" local="3282918180" remote="63412460324" /><file name="story4Pic3.jpg" server="ftp.accnews.ca" local="3282918180" remote="63412460324" /><file name="story4Pic4.jpg" server="ftp.accnews.ca" local="3282918180" remote="63412460324" /><file name="story4Pic5.jpg" server="ftp.accnews.ca" local="3282918180" remote="63412460324" /><file name="story4Pic6.jpg" server="ftp.accnews.ca" local="3282918180" remote="63412460324" /><file name="story4Pic7.jpg" server="ftp.accnews.ca" local="3282918180" remote="63412460324" /><file name="story4Pic8.jpg" server="ftp.accnews.ca" local="3282918180" remote="63412460324" /><file name="story4Pic9.jpg" server="ftp.accnews.ca" local="3282918180" remote="63412460324" /><file name="story5vBtnPic.jpg" server="ftp.accnews.ca" local="3282918180" remote="76297362212" /><file name="story5vHigh.flv" server="ftp.accnews.ca" local="3282918180" remote="67707427620" /><file name="story5vLow.flv" server="ftp.accnews.ca" local="3282918180" remote="63412460324" /><file name="story1Pic9.jpg" server="accnews.ca/public_html/www2/" local="3282872400" remote="20462741584" /><file name="story2Pic6.jpg" server="accnews.ca/public_html/www2/" local="3282872400" remote="20462741584" /><file name="story3vHigh.flv" server="accnews.ca/public_html/www2/" local="3282872400" remote="20462741584" /><file name="story2Pic9.jpg" server="accnews.ca/public_html/www2/" local="3282872400" remote="20462741584" /><file name="story2Pic19.jpg" server="accnews.ca/public_html/www2/" local="3282872400" remote="20462741584" /><file name="story4Pic1.jpg" server="accnews.ca/public_html/www2/" local="3282872400" remote="20462741584" /><file name="homeClipHigh.flv" server="accnews.ca/public_html/www2/" local="3282872400" remote="20462741584" /><file name="story1BtnPic.jpg" server="accnews.ca/public_html/www2/" local="3282872400" remote="20462741584" /><file name="story1Pic1.jpg" server="accnews.ca/public_html/www2/" local="3282872400" remote="20462741584" /><file name="story2Pic11.jpg" server="accnews.ca/public_html/www2/" local="3282872400" remote="20462741584" /><file name="story2Pic7.jpg" server="accnews.ca/public_html/www2/" local="3282872400" remote="20462741584" /><file name="story2.mp3" server="accnews.ca/public_html/www2/" local="3282872400" remote="20462741584" /><file name="story2Pic18.jpg" server="accnews.ca/public_html/www2/" local="3282872400" remote="20462741584" /><file name="story4Pic9.jpg" server="accnews.ca/public_html/www2/" local="3282872400" remote="20462741584" /><file name="story4Pic2.jpg" server="accnews.ca/public_html/www2/" local="3282872400" remote="20462741584" /><file name="homeClipLow.flv" server="accnews.ca/public_html/www2/" local="3282872400" remote="20462741584" /><file name="story4Pic3.jpg" server="accnews.ca/public_html/www2/" local="3282872400" remote="20462741584" /><file name="story4Pic6.jpg" server="accnews.ca/public_html/www2/" local="3282872400" remote="20462741584" /><file name="story4Pic5.jpg" server="accnews.ca/public_html/www2/" local="3282872400" remote="20462741584" /><file name="story2Pic8.jpg" server="accnews.ca/public_html/www2/" local="3282872400" remote="20462741584" /><file name="story2Pic5.jpg" server="accnews.ca/public_html/www2/" local="3282872400" remote="20462741584" /><file name="story2Pic15.jpg" server="accnews.ca/public_html/www2/" local="3282872400" remote="20462741584" /><file name="story4Pic10.jpg" server="accnews.ca/public_html/www2/" local="3282872400" remote="20462741584" /><file name="story1Pic7.jpg" server="accnews.ca/public_html/www2/" local="3282872400" remote="20462741584" /><file name="story2Pic4.jpg" server="accnews.ca/public_html/www2/" local="3282872400" remote="20462741584" /><file name="story3.mp3" server="accnews.ca/public_html/www2/" local="3282872400" remote="20462741584" /><file name="story4BtnPic.jpg" server="accnews.ca/public_html/www2/" local="3282872400" remote="20462741584" /><file name="story2Pic10.jpg" server="accnews.ca/public_html/www2/" local="3282872400" remote="20462741584" /><file name="story1.mp3" server="accnews.ca/public_html/www2/" local="3282872400" remote="20462741584" /><file name="story1Pic10.jpg" server="accnews.ca/public_html/www2/" local="3282872400" remote="20462741584" /><file name="story1Pic2.jpg" server="accnews.ca/public_html/www2/" local="3282872400" remote="20462741584" /><file name="story4Pic8.jpg" server="accnews.ca/public_html/www2/" local="3282872400" remote="20462741584" /><file name="story2Pic3.jpg" server="accnews.ca/public_html/www2/" local="3282872400" remote="20462741584" /><file name="story1Pic11.jpg" server="accnews.ca/public_html/www2/" local="3282872400" remote="20462741584" /><file name="story5vBtnPic.jpg" server="accnews.ca/public_html/www2/" local="3282872400" remote="20462741584" /><file name="story4Pic4.jpg" server="accnews.ca/public_html/www2/" local="3282872400" remote="20462741584" /><file name="story2Pic14.jpg" server="accnews.ca/public_html/www2/" local="3282872400" remote="20462741584" /><file name="story3vLow.flv" server="accnews.ca/public_html/www2/" local="3282872400" remote="20462741584" /><file name="story5vLow.flv" server="accnews.ca/public_html/www2/" local="3282872400" remote="20462741584" /><file name="story1Pic4.jpg" server="accnews.ca/public_html/www2/" local="3282872400" remote="20462741584" /><file name="story5vHigh.flv" server="accnews.ca/public_html/www2/" local="3282872400" remote="20462741584" /><file name="story4Pic11.jpg" server="accnews.ca/public_html/www2/" local="3282872400" remote="20462741584" /><file name="story3vBtnPic.jpg" server="accnews.ca/public_html/www2/" local="3282872400" remote="20462741584" /><file name="story2Pic17.jpg" server="accnews.ca/public_html/www2/" local="3282872400" remote="20462741584" /><file name="story1Pic6.jpg" server="accnews.ca/public_html/www2/" local="3282872400" remote="20462741584" /><file name="story1Pic8.jpg" server="accnews.ca/public_html/www2/" local="3282872400" remote="20462741584" /><file name="story4Pic7.jpg" server="accnews.ca/public_html/www2/" local="3282872400" remote="20462741584" /><file name="countryText.txt" server="accnews.ca/public_html/www2/" local="3282872400" remote="20462741584" /><file name="story2Pic12.jpg" server="accnews.ca/public_html/www2/" local="3282872400" remote="20462741584" /><file name="story2Pic16.jpg" server="accnews.ca/public_html/www2/" local="3282872400" remote="20462741584" /><file name="story1Pic3.jpg" server="accnews.ca/public_html/www2/" local="3282872400" remote="20462741584" /><file name="story2Pic1.jpg" server="accnews.ca/public_html/www2/" local="3282872400" remote="20462741584" /><file name="story2Pic13.jpg" server="accnews.ca/public_html/www2/" local="3282872400" remote="20462741584" /><file name="story4.mp3" server="accnews.ca/public_html/www2/" local="3282872400" remote="20462741584" /><file name="story2BtnPic.jpg" server="accnews.ca/public_html/www2/" local="3282872400" remote="20462741584" /><file name="story1Pic5.jpg" server="accnews.ca/public_html/www2/" local="3282872400" remote="20462741584" /><file name="story2Pic2.jpg" server="accnews.ca/public_html/www2/" local="3282872400" remote="20462741584" /></dwsync>